{
    "MaxHeightOfInterest": -0.5,
    "MetersPerPixel": 0.03999999910593032836914062,
    "MinHeightOfInterest": -0.05000000074505805969238281,
    "OriginX": -3.438395023345947265625,
    "OriginZ": -3.344464778900146484375,
    "Timestamp": 259666.671875
}