{
    "MaxHeightOfInterest": -0.5,
    "MetersPerPixel": 0.03999999910593032836914062,
    "MinHeightOfInterest": -0.05000000074505805969238281,
    "OriginX": -1.23119199275970458984375,
    "OriginZ": -2.36507892608642578125,
    "Timestamp": 2798.444580078125
}